{
  "metadata": {
    "analysis_type": "case_level",
    "n_observations": 1000,
    "n_seeds": 5,
    "seeds": [
      42,
      43,
      44,
      45,
      46
    ],
    "cases_per_seed": 200,
    "created": "2026-01-22T00:27:14.092851"
  },
  "descriptive_statistics": {
    "baseline": {
      "mean": 0.018327383529042035,
      "std": 0.3011445341599048,
      "mean_pct": 1.8327383529042036,
      "std_pct": 30.11445341599048
    },
    "bodhi": {
      "mean": 0.1914243798974235,
      "std": 0.3320473284627063,
      "mean_pct": 19.14243798974235,
      "std_pct": 33.20473284627063
    },
    "difference": {
      "mean": 0.17309699636838147,
      "std": 0.3456248833365793,
      "mean_pct": 17.309699636838147,
      "se": 0.01092961847373567
    }
  },
  "paired_ttest": {
    "t_statistic": 15.837423491436665,
    "p_value": 1.4323069481010974e-50,
    "ci_95_lower": 0.15167494415985955,
    "ci_95_upper": 0.1945190485769034,
    "cohens_d": 0.5008233050159606,
    "significant_0.05": true,
    "significant_0.01": true,
    "significant_0.001": true
  },
  "mixed_effects_model": {
    "coefficient": 0.17309699636838136,
    "p_value": 3.92812973532129e-34
  },
  "anova": {
    "p_value": 3.8071622619808806e-33
  }
}