{
  "models": {
    "GPT-4o-mini": {
      "n": 1000,
      "seeds": [
        42,
        43,
        44,
        45,
        46
      ],
      "baseline_mean": -0.05256074604529354,
      "bodhi_mean": 0.021441308185505943,
      "mean_diff": 0.0740020542307995,
      "ci_95": [
        0.05291140399515134,
        0.09509270446644766
      ],
      "t_stat": 6.877171859178077,
      "t_pvalue": 1.074859339724436e-11,
      "cohens_d": 0.21747526935417474
    },
    "GPT-4.1-mini": {
      "n": 1000,
      "seeds": [
        42,
        43,
        44,
        45,
        46
      ],
      "baseline_mean": 0.018327383529042035,
      "bodhi_mean": 0.1914243798974235,
      "mean_diff": 0.17309699636838147,
      "ci_95": [
        0.15167494415985955,
        0.1945190485769034
      ],
      "t_stat": 15.837423491436665,
      "t_pvalue": 1.4323069481010974e-50,
      "cohens_d": 0.5008233050159606
    }
  },
  "generated_files": {
    "figures": [
      "figure1_model_comparison.png",
      "figure2_distributions.png",
      "figure3_effect_sizes.png",
      "figure4_convergence.png",
      "figure5_multi_metric_comparison.png"
    ],
    "tables": [
      "table1_main_results.csv",
      "table2_statistical_tests.csv",
      "table3_detailed_statistics.csv"
    ]
  }
}